{
    "$schema": "https://schema.management.azure.com/schemas/2015-01-01/deploymentParameters.json#",
    "contentVersion": "1.0.0.0",
    "parameters": {
        "subscriptionId": {
            "value": "eab8ec4a-9307-4e21-a3cc-17bea1e881d2"
        },
        "name": {
            "value": "anilwebapplication"
        },
        "location": {
            "value": "East US"
        },
        "hostingPlanName": {
            "value": "ASP-Anil01-a4ba"
        },
        "serverFarmResourceGroup": {
            "value": "Anil-01"
        },
        "alwaysOn": {
            "value": false
        },
        "sku": {
            "value": "Free"
        },
        "skuCode": {
            "value": "F1"
        },
        "workerSize": {
            "value": "0"
        },
        "workerSizeId": {
            "value": "0"
        },
        "numberOfWorkers": {
            "value": "1"
        },
        "currentStack": {
            "value": "dotnetcore"
        },
        "phpVersion": {
            "value": "OFF"
        },
        "errorLink": {
            "value": "https://anilwebapplication.scm.azurewebsites.net/detectors?type=tools&name=eventviewer"
        }
    }
}