{
    "$schema": "http://schema.management.azure.com/schemas/2015-01-01/deploymentTemplate.json#",
    "contentVersion": "1.0.0.0",
    "parameters": {
        "subscriptionId": {
            "type": "string"
        },
        "name": {
            "type": "string"
        },
        "location": {
            "type": "string"
        },
        "hostingPlanName": {
            "type": "string"
        },
        "serverFarmResourceGroup": {
            "type": "string"
        },
        "alwaysOn": {
            "type": "bool"
        },
        "sku": {
            "type": "string"
        },
        "skuCode": {
            "type": "string"
        },
        "workerSize": {
            "type": "string"
        },
        "workerSizeId": {
            "type": "string"
        },
        "numberOfWorkers": {
            "type": "string"
        },
        "currentStack": {
            "type": "string"
        },
        "phpVersion": {
            "type": "string"
        },
        "errorLink": {
            "type": "string"
        }
    },
    "resources": [
        {
            "apiVersion": "2018-11-01",
            "name": "[parameters('name')]",
            "type": "Microsoft.Web/sites",
            "location": "[parameters('location')]",
            "tags": {},
            "dependsOn": [
                "microsoft.insights/components/anilwebapplication",
                "[concat('Microsoft.Web/serverfarms/', parameters('hostingPlanName'))]"
            ],
            "properties": {
                "name": "[parameters('name')]",
                "siteConfig": {
                    "appSettings": [
                        {
                            "name": "APPINSIGHTS_INSTRUMENTATIONKEY",
                            "value": "[reference('microsoft.insights/components/anilwebapplication', '2015-05-01').InstrumentationKey]"
                        },
                        {
                            "name": "APPLICATIONINSIGHTS_CONNECTION_STRING",
                            "value": "[reference('microsoft.insights/components/anilwebapplication', '2015-05-01').ConnectionString]"
                        },
                        {
                            "name": "ApplicationInsightsAgent_EXTENSION_VERSION",
                            "value": "~2"
                        },
                        {
                            "name": "XDT_MicrosoftApplicationInsights_Mode",
                            "value": "default"
                        },
                        {
                            "name": "ANCM_ADDITIONAL_ERROR_PAGE_LINK",
                            "value": "[parameters('errorLink')]"
                        }
                    ],
                    "metadata": [
                        {
                            "name": "CURRENT_STACK",
                            "value": "[parameters('currentStack')]"
                        }
                    ],
                    "phpVersion": "[parameters('phpVersion')]",
                    "alwaysOn": "[parameters('alwaysOn')]"
                },
                "serverFarmId": "[concat('/subscriptions/', parameters('subscriptionId'),'/resourcegroups/', parameters('serverFarmResourceGroup'), '/providers/Microsoft.Web/serverfarms/', parameters('hostingPlanName'))]",
                "clientAffinityEnabled": true
            }
        },
        {
            "apiVersion": "2018-11-01",
            "name": "[parameters('hostingPlanName')]",
            "type": "Microsoft.Web/serverfarms",
            "location": "[parameters('location')]",
            "kind": "",
            "tags": {},
            "dependsOn": [],
            "properties": {
                "name": "[parameters('hostingPlanName')]",
                "workerSize": "[parameters('workerSize')]",
                "workerSizeId": "[parameters('workerSizeId')]",
                "numberOfWorkers": "[parameters('numberOfWorkers')]"
            },
            "sku": {
                "Tier": "[parameters('sku')]",
                "Name": "[parameters('skuCode')]"
            }
        },
        {
            "apiVersion": "2020-02-02-preview",
            "name": "anilwebapplication",
            "type": "microsoft.insights/components",
            "location": "eastus",
            "tags": {},
            "dependsOn": [
                "newWorkspaceTemplate"
            ],
            "properties": {
                "ApplicationId": "[parameters('name')]",
                "Request_Source": "IbizaWebAppExtensionCreate",
                "Flow_Type": "Redfield",
                "Application_Type": "web",
                "WorkspaceResourceId": "/subscriptions/eab8ec4a-9307-4e21-a3cc-17bea1e881d2/resourceGroups/DefaultResourceGroup-EUS/providers/Microsoft.OperationalInsights/workspaces/DefaultWorkspace-eab8ec4a-9307-4e21-a3cc-17bea1e881d2-EUS"
            }
        },
        {
            "type": "Microsoft.Resources/deployments",
            "apiVersion": "2019-10-01",
            "name": "newWorkspaceTemplate",
            "resourceGroup": "DefaultResourceGroup-EUS",
            "subscriptionId": "[parameters('subscriptionId')]",
            "properties": {
                "mode": "Incremental",
                "template": {
                    "$schema": "https://schema.management.azure.com/schemas/2015-01-01/deploymentTemplate.json#",
                    "contentVersion": "1.0.0.0",
                    "parameters": {},
                    "variables": {},
                    "resources": [
                        {
                            "apiVersion": "2020-08-01",
                            "name": "DefaultWorkspace-eab8ec4a-9307-4e21-a3cc-17bea1e881d2-EUS",
                            "type": "Microsoft.OperationalInsights/workspaces",
                            "location": "East US",
                            "properties": {}
                        }
                    ]
                }
            }
        }
    ]
}